school,close_contact,postive_case,suspected_case,total,date,cluster,listed
Archer HS,1.0,,,1.0,8/21/2020,Archer,yes
Archer HS,1.0,0.0,0.0,1.0,8/31/2020,Archer,yes
Archer HS,,,1.0,1.0,8/18/2020,Archer,yes
Archer HS,1.0,,,1.0,8/20/2020,Archer,yes
Archer HS,1.0,,,1.0,8/25/2020,Archer,yes
Archer HS,0.0,0.0,1.0,1.0,9/1/2020,Archer,yes
Archer HS,1.0,0.0,2.0,3.0,9/2/2020,Archer,yes
Archer HS,2.0,0.0,1.0,3.0,9/3/2020,Archer,yes
Baggett ES,1.0,,,1.0,8/21/2020,Discovery,yes
Baggett ES,1.0,,,1.0,8/18/2020,Discovery,yes
Baggett ES,,,3.0,3.0,8/26/2020,Discovery,yes
Baggett ES,4.0,0.0,1.0,5.0,9/1/2020,Discovery,yes
Baggett ES,7.0,1.0,1.0,9.0,9/2/2020,Discovery,yes
Bethesda ES,1.0,,,1.0,8/21/2020,Berkmar,yes
Bethesda ES,1.0,,,1.0,8/20/2020,Berkmar,yes
Bethesda ES,1.0,0.0,1.0,2.0,9/3/2020,Berkmar,yes
Creekland MS,1.0,,1.0,2.0,8/21/2020,Collins Hill,yes
Creekland MS,1.0,0.0,0.0,1.0,8/28/2020,Collins Hill,yes
Creekland MS,6.0,0.0,1.0,7.0,9/1/2020,Collins Hill,yes
Creekland MS,2.0,0.0,1.0,3.0,9/3/2020,Collins Hill,yes
Ferguson ES,,,1.0,1.0,8/21/2020,Meadowcreek,yes
GIVE East,1.0,,,1.0,8/21/2020,Other,yes
GIVE East,1.0,,1.0,2.0,8/24/2020,Other,yes
GIVE East,1.0,0.0,0.0,1.0,8/28/2020,Other,yes
Grace Snell MS,1.0,,,1.0,8/21/2020,South Gwinnett,yes
Grace Snell MS,1.0,,,1.0,8/20/2020,South Gwinnett,yes
Grace Snell MS,20.0,0.0,1.0,21.0,9/1/2020,South Gwinnett,yes
Grace Snell MS,2.0,0.0,0.0,2.0,9/2/2020,South Gwinnett,yes
Grace Snell MS,1.0,0.0,0.0,1.0,9/3/2020,South Gwinnett,yes
Graves ES,1.0,,,1.0,8/21/2020,Meadowcreek,yes
Graves ES,1.0,0.0,0.0,1.0,8/28/2020,Meadowcreek,yes
Graves ES,1.0,,,1.0,8/25/2020,Meadowcreek,yes
Graves ES,0.0,0.0,1.0,1.0,9/1/2020,Meadowcreek,yes
Harbins ES,1.0,,1.0,2.0,8/21/2020,Archer,yes
Harbins ES,1.0,0.0,0.0,1.0,8/31/2020,Archer,yes
Harbins ES,,,1.0,1.0,8/18/2020,Archer,yes
Harbins ES,2.0,,,2.0,8/20/2020,Archer,yes
Harbins ES,2.0,,,2.0,8/25/2020,Archer,yes
Harbins ES,3.0,,,3.0,8/26/2020,Archer,yes
Harbins ES,1.0,0.0,0.0,1.0,9/1/2020,Archer,yes
Harbins ES,4.0,0.0,0.0,4.0,9/2/2020,Archer,yes
Harbins ES,1.0,0.0,0.0,1.0,9/3/2020,Archer,yes
Harris ES,1.0,,,1.0,8/21/2020,Duluth,added
Hull MS,,1.0,2.0,3.0,8/21/2020,Peachtree Ridge,yes
Hull MS,1.0,0.0,0.0,1.0,8/31/2020,Peachtree Ridge,yes
Hull MS,,,2.0,2.0,8/25/2020,Peachtree Ridge,yes
Ivy Creek ES,1.0,,,1.0,8/21/2020,Mill Creek,yes
Ivy Creek ES,0.0,0.0,1.0,1.0,8/28/2020,Mill Creek,yes
Ivy Creek ES,0.0,0.0,1.0,1.0,8/31/2020,Mill Creek,yes
Ivy Creek ES,1.0,,,1.0,8/19/2020,Mill Creek,yes
Ivy Creek ES,,1.0,,1.0,8/25/2020,Mill Creek,yes
Ivy Creek ES,0.0,0.0,1.0,1.0,9/1/2020,Mill Creek,yes
Jordan MS,,1.0,,1.0,8/21/2020,Central Gwinnett,yes
Jordan MS,2.0,,2.0,4.0,8/19/2020,Central Gwinnett,yes
Jordan MS,,1.0,2.0,3.0,8/25/2020,Central Gwinnett,yes
Jordan MS,1.0,0.0,2.0,3.0,9/1/2020,Central Gwinnett,yes
Jordan MS,0.0,0.0,4.0,4.0,9/3/2020,Central Gwinnett,yes
Kanoheda ES,,,1.0,1.0,8/21/2020,Berkmar,yes
Kanoheda ES,1.0,0.0,1.0,2.0,8/28/2020,Berkmar,yes
Kanoheda ES,2.0,,,2.0,8/18/2020,Berkmar,yes
Kanoheda ES,,,1.0,1.0,8/20/2020,Berkmar,yes
Kanoheda ES,0.0,0.0,1.0,1.0,9/1/2020,Berkmar,yes
Kanoheda ES,1.0,0.0,0.0,1.0,9/2/2020,Berkmar,yes
Lanier HS,,,2.0,2.0,8/21/2020,Lanier,yes
Lanier HS,1.0,0.0,0.0,1.0,8/28/2020,Lanier,yes
Lilburn ES,1.0,,,1.0,8/21/2020,Meadowcreek,yes
Lilburn ES,1.0,,,1.0,8/26/2020,Meadowcreek,yes
Lilburn ES,0.0,0.0,1.0,1.0,9/3/2020,Meadowcreek,yes
Magill ES,3.0,3.0,,6.0,8/21/2020,South Gwinnett,yes
Magill ES,5.0,,,5.0,8/24/2020,South Gwinnett,yes
Magill ES,1.0,0.0,0.0,1.0,9/3/2020,South Gwinnett,yes
Meadowcreek HS,,,2.0,2.0,8/21/2020,Meadowcreek,yes
Meadowcreek HS,,,1.0,1.0,8/24/2020,Meadowcreek,yes
Meadowcreek HS,1.0,0.0,0.0,1.0,8/28/2020,Meadowcreek,yes
Meadowcreek HS,0.0,0.0,2.0,2.0,8/31/2020,Meadowcreek,yes
Meadowcreek HS,1.0,,1.0,2.0,8/18/2020,Meadowcreek,yes
Meadowcreek HS,,,2.0,2.0,8/19/2020,Meadowcreek,yes
Meadowcreek HS,,,1.0,1.0,8/20/2020,Meadowcreek,yes
Meadowcreek HS,,,1.0,1.0,8/25/2020,Meadowcreek,yes
Meadowcreek HS,,,1.0,1.0,8/26/2020,Meadowcreek,yes
Meadowcreek HS,5.0,0.0,2.0,7.0,9/1/2020,Meadowcreek,yes
Meadowcreek HS,1.0,0.0,1.0,2.0,9/2/2020,Meadowcreek,yes
Meadowcreek HS,0.0,0.0,2.0,2.0,9/3/2020,Meadowcreek,yes
Mountain View HS,,,1.0,1.0,8/21/2020,Mountain View,yes
Mountain View HS,5.0,0.0,1.0,6.0,8/31/2020,Mountain View,yes
Mountain View HS,0.0,0.0,4.0,4.0,9/1/2020,Mountain View,yes
Mountain View HS,2.0,0.0,1.0,3.0,9/2/2020,Mountain View,yes
Mountain View HS,1.0,0.0,1.0,2.0,9/3/2020,Mountain View,yes
Mulberry ES,4.0,,,4.0,8/21/2020,Dacula,yes
Mulberry ES,0.0,0.0,1.0,1.0,8/28/2020,Dacula,yes
Mulberry ES,1.0,,3.0,4.0,8/25/2020,Dacula,yes
Mulberry ES,8.0,0.0,4.0,12.0,9/1/2020,Dacula,yes
Mulberry ES,0.0,0.0,2.0,2.0,9/2/2020,Dacula,yes
Mulberry ES,5.0,0.0,2.0,7.0,9/3/2020,Dacula,yes
Norcross HS,,,1.0,1.0,8/21/2020,Norcross,yes
Norcross HS,,,1.0,1.0,8/18/2020,Norcross,yes
Norcross HS,,,1.0,1.0,8/20/2020,Norcross,yes
Norcross HS,1.0,,1.0,2.0,8/26/2020,Norcross,yes
Norcross HS,0.0,0.0,1.0,1.0,9/2/2020,Norcross,yes
Norcross HS,1.0,0.0,0.0,1.0,9/3/2020,Norcross,yes
Parkview HS,,,1.0,1.0,8/21/2020,Parkview,yes
Parkview HS,0.0,1.0,1.0,2.0,8/28/2020,Parkview,yes
Parkview HS,5.0,,2.0,7.0,8/18/2020,Parkview,yes
Parkview HS,,,1.0,1.0,8/19/2020,Parkview,yes
Parkview HS,1.0,,,1.0,8/20/2020,Parkview,yes
Parkview HS,1.0,0.0,1.0,2.0,9/1/2020,Parkview,yes
Parkview HS,0.0,0.0,1.0,1.0,9/3/2020,Parkview,yes
Peachtree ES,1.0,,,1.0,8/21/2020,Norcross,yes
Peachtree ES,1.0,,,1.0,8/24/2020,Norcross,yes
Peachtree ES,1.0,,,1.0,8/19/2020,Norcross,yes
Peachtree ES,2.0,0.0,0.0,2.0,9/3/2020,Norcross,yes
Pharr ES,5.0,,1.0,6.0,8/21/2020,Grayson,yes
Pharr ES,1.0,,,1.0,8/26/2020,Grayson,yes
Pharr ES,1.0,0.0,0.0,1.0,9/1/2020,Grayson,yes
Pharr ES,1.0,0.0,0.0,1.0,9/2/2020,Grayson,yes
Pharr ES,19.0,0.0,1.0,20.0,9/3/2020,Grayson,yes
Puckett's Mill ES,1.0,,,1.0,8/21/2020,Mill Creek,yes
Puckett's Mill ES,0.0,0.0,1.0,1.0,8/31/2020,Mill Creek,yes
Puckett's Mill ES,1.0,0.0,1.0,2.0,9/1/2020,Mill Creek,yes
Stripling ES,,,1.0,1.0,8/21/2020,Norcross,yes
Stripling ES,,,1.0,1.0,8/19/2020,Norcross,yes
Stripling ES,,,1.0,1.0,8/20/2020,Norcross,yes
Sugar Hill ES,1.0,,,1.0,8/21/2020,Lanier,yes
Sugar Hill ES,0.0,0.0,1.0,1.0,9/1/2020,Lanier,yes
Sugar Hill ES,0.0,0.0,1.0,1.0,9/2/2020,Lanier,yes
Sugar Hill ES,1.0,0.0,0.0,1.0,9/3/2020,Lanier,yes
Total,26.0,5.0,15.0,46.0,8/21/2020,Total,yes
Total,13.0,2.0,8.0,23.0,8/24/2020,Total,yes
Total,33.0,4.0,37.0,74.0,8/28/2020,Total,yes
Total,82.0,1.0,31.0,114.0,8/31/2020,Total,yes
Total,17.0,3.0,21.0,41.0,8/18/2020,Total,yes
Total,14.0,6.0,18.0,38.0,8/19/2020,Total,yes
Total,20.0,2.0,14.0,36.0,8/20/2020,Total,yes
Total,19.0,5.0,18.0,42.0,8/25/2020,Total,yes
Total,20.0,0.0,18.0,38.0,8/26/2020,Total,yes
Total,179.0,4.0,66.0,249.0,9/1/2020,Total,yes
Total,103.0,2.0,33.0,138.0,9/2/2020,Total,yes
Total,90.0,0.0,62.0,152.0,9/3/2020,Total,yes
Benefield ES,1.0,,,1.0,8/24/2020,Discovery,yes
Benefield ES,1.0,0.0,4.0,5.0,8/28/2020,Discovery,yes
Benefield ES,0.0,1.0,0.0,1.0,9/1/2020,Discovery,yes
Centerville ES,,,1.0,1.0,8/24/2020,Shiloh,yes
Cooper ES,1.0,,,1.0,8/24/2020,Archer,yes
Cooper ES,1.0,0.0,0.0,1.0,8/31/2020,Archer,yes
Cooper ES,,,1.0,1.0,8/19/2020,Archer,yes
Duluth MS,1.0,,,1.0,8/24/2020,Duluth,yes
Duluth MS,5.0,0.0,1.0,6.0,8/28/2020,Duluth,yes
Duluth MS,1.0,0.0,0.0,1.0,8/31/2020,Duluth,yes
Duluth MS,,,1.0,1.0,8/26/2020,Duluth,yes
Duluth MS,0.0,0.0,2.0,2.0,9/1/2020,Duluth,yes
Duluth MS,3.0,0.0,1.0,4.0,9/3/2020,Duluth,yes
Lilburn MS,1.0,,,1.0,8/24/2020,Meadowcreek,yes
Lilburn MS,1.0,0.0,1.0,2.0,8/28/2020,Meadowcreek,yes
Lilburn MS,8.0,0.0,6.0,14.0,8/31/2020,Meadowcreek,yes
Lilburn MS,1.0,,1.0,2.0,8/19/2020,Meadowcreek,yes
Lilburn MS,1.0,,,1.0,8/20/2020,Meadowcreek,yes
Lilburn MS,,,1.0,1.0,8/25/2020,Meadowcreek,yes
Lilburn MS,1.0,,,1.0,8/26/2020,Meadowcreek,yes
Lilburn MS,0.0,0.0,2.0,2.0,9/2/2020,Meadowcreek,yes
Maxwell HS of Technology,1.0,,1.0,2.0,8/24/2020,Other,yes
Northbrook MS,,1.0,,1.0,8/24/2020,Peachtree Ridge,yes
Norton ES,,,1.0,1.0,8/24/2020,South Gwinnett,yes
Norton ES,1.0,,,1.0,8/25/2020,South Gwinnett,yes
Snellville MS,1.0,,1.0,2.0,8/24/2020,South Gwinnett,yes
South Gwinnett HS,,1.0,,1.0,8/24/2020,South Gwinnett,yes
South Gwinnett HS,0.0,0.0,1.0,1.0,8/28/2020,South Gwinnett,yes
South Gwinnett HS,2.0,0.0,1.0,3.0,8/31/2020,South Gwinnett,yes
South Gwinnett HS,3.0,,,3.0,8/25/2020,South Gwinnett,yes
South Gwinnett HS,1.0,,,1.0,8/26/2020,South Gwinnett,yes
South Gwinnett HS,10.0,0.0,1.0,11.0,9/2/2020,South Gwinnett,yes
Taylor ES,,,1.0,1.0,8/24/2020,Collins Hill,yes
Taylor ES,0.0,0.0,1.0,1.0,8/31/2020,Collins Hill,yes
Taylor ES,0.0,0.0,1.0,1.0,9/3/2020,Collins Hill,yes
Woodward Mill ES,,,1.0,1.0,8/24/2020,Mountain View,yes
Woodward Mill ES,1.0,0.0,0.0,1.0,8/31/2020,Mountain View,yes
Woodward Mill ES,1.0,,2.0,3.0,8/19/2020,Mountain View,yes
Alcova ES,0.0,0.0,2.0,2.0,8/28/2020,Dacula,yes
Alcova ES,,,1.0,1.0,8/20/2020,Dacula,yes
Alcova ES,0.0,0.0,3.0,3.0,9/3/2020,Dacula,yes
Annistown ES,0.0,0.0,1.0,1.0,8/28/2020,Shiloh,yes
Annistown ES,1.0,,,1.0,8/19/2020,Shiloh,yes
Arcado ES,0.0,0.0,1.0,1.0,8/28/2020,Parkview,yes
Arcado ES,0.0,0.0,1.0,1.0,9/1/2020,Parkview,yes
Berkmar HS,1.0,0.0,0.0,1.0,8/28/2020,Berkmar,yes
Berkmar HS,0.0,0.0,1.0,1.0,8/31/2020,Berkmar,yes
Berkmar HS,,,1.0,1.0,8/18/2020,Berkmar,yes
Berkmar HS,1.0,,,1.0,8/20/2020,Berkmar,yes
Berkmar HS,1.0,,,1.0,8/26/2020,Berkmar,yes
Berkmar HS,70.0,1.0,3.0,74.0,9/1/2020,Berkmar,yes
Berkmar HS,9.0,0.0,0.0,9.0,9/2/2020,Berkmar,yes
Buice Center,0.0,0.0,11.0,11.0,8/28/2020,Other,yes
Buice Center,6.0,0.0,5.0,11.0,8/31/2020,Other,yes
Buice Center,,,1.0,1.0,8/18/2020,Other,yes
Buice Center,,,1.0,1.0,8/25/2020,Other,yes
Buice Center,3.0,0.0,2.0,5.0,9/3/2020,Other,yes
Chattahoochee ES,1.0,0.0,0.0,1.0,8/28/2020,Duluth,yes
Duluth HS,4.0,0.0,2.0,6.0,8/28/2020,Duluth,yes
Duluth HS,0.0,0.0,1.0,1.0,8/31/2020,Duluth,yes
Duluth HS,3.0,,2.0,5.0,8/18/2020,Duluth,yes
Duluth HS,1.0,,1.0,2.0,8/19/2020,Duluth,yes
Duluth HS,1.0,1.0,,2.0,8/20/2020,Duluth,yes
Duluth HS,1.0,,,1.0,8/25/2020,Duluth,yes
Duluth HS,1.0,0.0,0.0,1.0,9/2/2020,Duluth,yes
Duluth HS,0.0,0.0,2.0,2.0,9/3/2020,Duluth,yes
Duncan Creek ES,0.0,1.0,0.0,1.0,8/28/2020,Mill Creek,yes
Duncan Creek ES,1.0,0.0,0.0,1.0,8/31/2020,Mill Creek,yes
Duncan Creek ES,2.0,,,2.0,8/18/2020,Mill Creek,yes
Duncan Creek ES,2.0,0.0,0.0,2.0,9/1/2020,Mill Creek,yes
Dyer ES,0.0,0.0,2.0,2.0,8/28/2020,Mountain View,yes
Dyer ES,5.0,0.0,1.0,6.0,8/31/2020,Mountain View,yes
Dyer ES,1.0,,,1.0,8/20/2020,Mountain View,yes
Dyer ES,1.0,0.0,0.0,1.0,9/1/2020,Mountain View,yes
Dyer ES,2.0,0.0,1.0,3.0,9/2/2020,Mountain View,yes
Dyer ES,7.0,0.0,3.0,10.0,9/3/2020,Mountain View,yes
Freeman's Mill ES,1.0,0.0,1.0,2.0,8/28/2020,Mountain View,yes
Freeman's Mill ES,1.0,0.0,1.0,2.0,8/31/2020,Mountain View,yes
Freeman's Mill ES,2.0,,,2.0,8/20/2020,Mountain View,yes
Freeman's Mill ES,1.0,0.0,0.0,1.0,9/3/2020,Mountain View,yes
Knight ES,1.0,0.0,0.0,1.0,8/28/2020,Parkview,yes
Knight ES,,,1.0,1.0,8/18/2020,Parkview,yes
Knight ES,1.0,0.0,0.0,1.0,9/1/2020,Parkview,yes
Knight ES,0.0,0.0,1.0,1.0,9/2/2020,Parkview,yes
Knight ES,0.0,0.0,1.0,1.0,9/3/2020,Parkview,yes
Moore MS,1.0,0.0,0.0,1.0,8/28/2020,Central Gwinnett,yes
Moore MS,4.0,0.0,1.0,5.0,9/1/2020,Central Gwinnett,yes
Moore MS,1.0,0.0,0.0,1.0,9/3/2020,Central Gwinnett,yes
North Gwinnett HS,0.0,0.0,1.0,1.0,8/28/2020,North Gwinnett,yes
North Gwinnett HS,,,1.0,1.0,8/20/2020,North Gwinnett,yes
North Gwinnett HS,1.0,0.0,1.0,2.0,9/1/2020,North Gwinnett,yes
North Gwinnett HS,3.0,0.0,1.0,4.0,9/2/2020,North Gwinnett,yes
North Gwinnett HS,5.0,0.0,2.0,7.0,9/3/2020,North Gwinnett,yes
North Gwinnett MS,0.0,0.0,1.0,1.0,8/28/2020,North Gwinnett,yes
North Gwinnett MS,1.0,0.0,0.0,1.0,8/31/2020,North Gwinnett,yes
North Gwinnett MS,,,1.0,1.0,8/18/2020,North Gwinnett,yes
North Gwinnett MS,1.0,,,1.0,8/20/2020,North Gwinnett,yes
North Gwinnett MS,1.0,0.0,0.0,1.0,9/2/2020,North Gwinnett,yes
North Gwinnett MS,1.0,0.0,0.0,1.0,9/3/2020,North Gwinnett,yes
Osborne MS,3.0,1.0,0.0,4.0,8/28/2020,Mill Creek,yes
Osborne MS,2.0,0.0,0.0,2.0,8/31/2020,Mill Creek,yes
Osborne MS,1.0,,,1.0,8/19/2020,Mill Creek,yes
Osborne MS,,1.0,,1.0,8/20/2020,Mill Creek,yes
Osborne MS,2.0,0.0,0.0,2.0,9/1/2020,Mill Creek,yes
Osborne MS,4.0,0.0,1.0,5.0,9/3/2020,Mill Creek,yes
Peachtree Ridge HS,0.0,0.0,1.0,1.0,8/28/2020,Peachtree Ridge,yes
Peachtree Ridge HS,,1.0,,1.0,8/18/2020,Peachtree Ridge,yes
Peachtree Ridge HS,,,1.0,1.0,8/19/2020,Peachtree Ridge,yes
Peachtree Ridge HS,0.0,0.0,1.0,1.0,9/1/2020,Peachtree Ridge,yes
Peachtree Ridge HS,3.0,0.0,0.0,3.0,9/2/2020,Peachtree Ridge,yes
Peachtree Ridge HS,1.0,0.0,0.0,1.0,9/3/2020,Peachtree Ridge,yes
Rock Springs ES,1.0,0.0,0.0,1.0,8/28/2020,Collins Hill,yes
Rock Springs ES,,,1.0,1.0,8/18/2020,Collins Hill,yes
Rock Springs ES,,,1.0,1.0,8/19/2020,Collins Hill,yes
Rock Springs ES,6.0,0.0,0.0,6.0,9/1/2020,Collins Hill,yes
Rock Springs ES,0.0,0.0,1.0,1.0,9/2/2020,Collins Hill,yes
Shiloh ES,0.0,1.0,0.0,1.0,8/28/2020,Shiloh,yes
Shiloh ES,1.0,,2.0,3.0,8/26/2020,Shiloh,yes
Shiloh HS,0.0,0.0,1.0,1.0,8/28/2020,Shiloh,yes
Shiloh HS,2.0,,,2.0,8/25/2020,Shiloh,yes
Sycamore ES,0.0,0.0,1.0,1.0,8/28/2020,Lanier,yes
Winn Holt ES,7.0,0.0,1.0,8.0,8/28/2020,Central Gwinnett,yes
Winn Holt ES,0.0,0.0,1.0,1.0,8/31/2020,Central Gwinnett,yes
Winn Holt ES,,,1.0,1.0,8/19/2020,Central Gwinnett,yes
Winn Holt ES,,,1.0,1.0,8/20/2020,Central Gwinnett,yes
Winn Holt ES,,,1.0,1.0,8/25/2020,Central Gwinnett,yes
Winn Holt ES,,,1.0,1.0,8/26/2020,Central Gwinnett,yes
Winn Holt ES,0.0,0.0,1.0,1.0,9/2/2020,Central Gwinnett,yes
Dacula ES,1.0,0.0,0.0,1.0,8/31/2020,Dacula,added
Dacula ES,1.0,,,1.0,8/18/2020,Dacula,added
Dacula ES,1.0,,,1.0,8/26/2020,Dacula,added
Dacula ES,6.0,0.0,5.0,11.0,9/1/2020,Dacula,added
Dacula ES,1.0,0.0,0.0,1.0,9/2/2020,Dacula,added
Dacula ES,1.0,0.0,0.0,1.0,9/3/2020,Dacula,added
Dacula HS,1.0,0.0,0.0,1.0,8/31/2020,Dacula,added
Dacula HS,1.0,0.0,0.0,1.0,9/2/2020,Dacula,added
Fort Daniel ES,1.0,0.0,0.0,1.0,8/31/2020,Mill Creek,added
Fort Daniel ES,0.0,0.0,1.0,1.0,9/1/2020,Mill Creek,added
Fort Daniel ES,0.0,0.0,1.0,1.0,9/2/2020,Mill Creek,added
Jones MS,1.0,0.0,0.0,1.0,8/31/2020,Mill Creek,added
Jones MS,1.0,,3.0,4.0,8/26/2020,Mill Creek,added
Jones MS,2.0,0.0,0.0,2.0,9/1/2020,Mill Creek,added
Lawrenceville ES,5.0,0.0,1.0,6.0,8/31/2020,Central Gwinnett,added
Lawrenceville ES,1.0,0.0,0.0,1.0,9/3/2020,Central Gwinnett,added
Norcross ES,1.0,0.0,0.0,1.0,8/31/2020,Norcross,added
Norcross ES,3.0,,1.0,4.0,8/26/2020,Norcross,added
Norcross ES,6.0,0.0,4.0,10.0,9/1/2020,Norcross,added
Norcross ES,0.0,0.0,1.0,1.0,9/2/2020,Norcross,added
Norcross ES,0.0,0.0,2.0,2.0,9/3/2020,Norcross,added
Oakland Meadow School,0.0,0.0,1.0,1.0,8/31/2020,Other,added
Oakland Meadow School,3.0,,1.0,4.0,8/25/2020,Other,added
Oakland Meadow School,1.0,,,1.0,8/26/2020,Other,added
Oakland Meadow School,1.0,0.0,1.0,2.0,9/1/2020,Other,added
Oakland Meadow School,2.0,0.0,0.0,2.0,9/2/2020,Other,added
Radloff MS,1.0,0.0,0.0,1.0,8/31/2020,Meadowcreek,added
Radloff MS,1.0,0.0,0.0,1.0,9/1/2020,Meadowcreek,added
Radloff MS,0.0,0.0,1.0,1.0,9/3/2020,Meadowcreek,added
Richards MS,7.0,0.0,3.0,10.0,8/31/2020,Discovery,added
Richards MS,,,1.0,1.0,8/18/2020,Discovery,added
Richards MS,,,1.0,1.0,8/26/2020,Discovery,added
Richards MS,0.0,0.0,4.0,4.0,9/1/2020,Discovery,added
Richards MS,0.0,0.0,1.0,1.0,9/2/2020,Discovery,added
Riverside ES,1.0,0.0,0.0,1.0,8/31/2020,North Gwinnett,added
Riverside ES,0.0,0.0,1.0,1.0,9/1/2020,North Gwinnett,added
Roberts ES,0.0,1.0,0.0,1.0,8/31/2020,North Gwinnett,added
Roberts ES,0.0,0.0,1.0,1.0,9/3/2020,North Gwinnett,added
Twin Rivers MS,26.0,0.0,2.0,28.0,8/31/2020,Mountain View,added
Twin Rivers MS,2.0,,1.0,3.0,8/20/2020,Mountain View,added
Twin Rivers MS,1.0,1.0,0.0,2.0,9/1/2020,Mountain View,added
Twin Rivers MS,0.0,0.0,2.0,2.0,9/3/2020,Mountain View,added
Collins Hill HS,,,1.0,1.0,8/18/2020,Collins Hill,added
Collins Hill HS,2.0,,,2.0,8/19/2020,Collins Hill,added
Collins Hill HS,1.0,0.0,0.0,1.0,9/1/2020,Collins Hill,added
Collins Hill HS,1.0,0.0,2.0,3.0,9/3/2020,Collins Hill,added
Crews MS,,1.0,,1.0,8/18/2020,Brookwood,added
Crews MS,,,1.0,1.0,8/26/2020,Brookwood,added
Crews MS,0.0,0.0,1.0,1.0,9/3/2020,Brookwood,added
Grayson ES,1.0,1.0,,2.0,8/18/2020,Grayson,added
Grayson ES,,1.0,,1.0,8/19/2020,Grayson,added
Grayson ES,,,1.0,1.0,8/26/2020,Grayson,added
Grayson HS,,,3.0,3.0,8/18/2020,Grayson,added
Grayson HS,1.0,0.0,0.0,1.0,9/2/2020,Grayson,added
Mill Creek HS,1.0,,,1.0,8/18/2020,Mill Creek,added
Mill Creek HS,1.0,,,1.0,8/26/2020,Mill Creek,added
Mill Creek HS,2.0,0.0,1.0,3.0,9/1/2020,Mill Creek,added
Mill Creek HS,20.0,1.0,0.0,21.0,9/2/2020,Mill Creek,added
Mill Creek HS,1.0,0.0,0.0,1.0,9/3/2020,Mill Creek,added
Sweetwater MS,,,1.0,1.0,8/18/2020,Berkmar,added
Sweetwater MS,,1.0,,1.0,8/25/2020,Berkmar,added
Sweetwater MS,0.0,0.0,1.0,1.0,9/1/2020,Berkmar,added
Sweetwater MS,1.0,0.0,1.0,2.0,9/3/2020,Berkmar,added
Beaver Ridge ES,,1.0,,1.0,8/19/2020,Norcross,added
Beaver Ridge ES,0.0,0.0,1.0,1.0,9/1/2020,Norcross,added
Britt ES,,,2.0,2.0,8/19/2020,South Gwinnett,added
Britt ES,2.0,0.0,2.0,4.0,9/2/2020,South Gwinnett,added
Cedar Hill ES,,,1.0,1.0,8/19/2020,Discovery,added
Cedar Hill ES,1.0,,1.0,2.0,8/20/2020,Discovery,added
Cedar Hill ES,12.0,0.0,2.0,14.0,9/3/2020,Discovery,added
Discovery HS,,,1.0,1.0,8/19/2020,Discovery,added
Discovery HS,,,1.0,1.0,8/20/2020,Discovery,added
Discovery HS,,,2.0,2.0,8/25/2020,Discovery,added
Discovery HS,1.0,0.0,0.0,1.0,9/2/2020,Discovery,added
Partee ES,,1.0,,1.0,8/19/2020,Shiloh,added
Summerour MS,1.0,,,1.0,8/19/2020,Norcross,added
Summerour MS,,,1.0,1.0,8/20/2020,Norcross,added
Summerour MS,1.0,,,1.0,8/25/2020,Norcross,added
Summerour MS,0.0,0.0,1.0,1.0,9/2/2020,Norcross,added
Anderson-Livsey ES,2.0,3.0,,5.0,8/19/2020,Shiloh,added
Anderson-Livsey ES,,1.0,,1.0,8/25/2020,Shiloh,added
Dacula MS,1.0,,,1.0,8/20/2020,Dacula,added
Dacula MS,,1.0,,1.0,8/25/2020,Dacula,added
Dacula MS,2.0,0.0,1.0,3.0,9/1/2020,Dacula,added
Dacula MS,1.0,0.0,0.0,1.0,9/3/2020,Dacula,added
Mason ES,,,1.0,1.0,8/20/2020,Peachtree Ridge,added
Minor ES,1.0,,1.0,2.0,8/20/2020,Berkmar,added
Minor ES,1.0,1.0,0.0,2.0,9/1/2020,Berkmar,added
Minor ES,1.0,0.0,0.0,1.0,9/3/2020,Berkmar,added
Nesbit ES,1.0,,,1.0,8/20/2020,Meadowcreek,added
Nesbit ES,0.0,0.0,1.0,1.0,9/1/2020,Meadowcreek,added
Nesbit ES,0.0,0.0,1.0,1.0,9/3/2020,Meadowcreek,added
Baldwin ES,,,1.0,1.0,8/25/2020,Norcross,added
Baldwin ES,0.0,0.0,2.0,2.0,9/3/2020,Norcross,added
Bay Creek MS,,,1.0,1.0,8/25/2020,Grayson,added
Bay Creek MS,1.0,0.0,0.0,1.0,9/2/2020,Grayson,added
Bay Creek MS,0.0,0.0,2.0,2.0,9/3/2020,Grayson,added
Brookwood HS,1.0,,1.0,2.0,8/25/2020,Brookwood,added
Brookwood HS,1.0,,,1.0,8/26/2020,Brookwood,added
Brookwood HS,0.0,0.0,1.0,1.0,9/1/2020,Brookwood,added
Brookwood HS,1.0,0.0,0.0,1.0,9/2/2020,Brookwood,added
Meadowcreek ES,1.0,,,1.0,8/25/2020,Meadowcreek,added
Meadowcreek ES,,,1.0,1.0,8/26/2020,Meadowcreek,added
Meadowcreek ES,0.0,0.0,4.0,4.0,9/3/2020,Meadowcreek,added
Phoenix HS,,,1.0,1.0,8/25/2020,Other,added
Pinckneyville MS,1.0,,,1.0,8/25/2020,Norcross,added
Rockbridge ES,2.0,,,2.0,8/26/2020,Meadowcreek,added
Rockbridge ES,2.0,0.0,0.0,2.0,9/1/2020,Meadowcreek,added
Rosebud ES,,,1.0,1.0,8/26/2020,South Gwinnett,added
Berkeley Lake ES,1.0,0.0,0.0,1.0,9/1/2020,Duluth,added
Berkeley Lake ES,1.0,0.0,4.0,5.0,9/2/2020,Duluth,added
Brookwood ES,2.0,0.0,1.0,3.0,9/1/2020,Brookwood,added
Central Gwinnett HS,2.0,0.0,1.0,3.0,9/1/2020,Central Gwinnett,added
Chesney ES,0.0,0.0,1.0,1.0,9/1/2020,Duluth,added
Chesney ES,5.0,0.0,1.0,6.0,9/3/2020,Duluth,added
Gwin Oaks ES,1.0,0.0,0.0,1.0,9/1/2020,Brookwood,added
Gwinnett Online Campus,1.0,0.0,0.0,1.0,9/1/2020,Other,added
Harmony ES,1.0,0.0,0.0,1.0,9/1/2020,Mill Creek,added
Jackson ES,1.0,0.0,1.0,2.0,9/1/2020,Peachtree Ridge,added
Lovin ES,5.0,0.0,2.0,7.0,9/1/2020,Archer,added
Lovin ES,0.0,0.0,2.0,2.0,9/3/2020,Archer,added
Simonton ES,0.0,0.0,1.0,1.0,9/1/2020,Central Gwinnett,added
Trickum MS,2.0,0.0,2.0,4.0,9/1/2020,Parkview,added
Trip ES,0.0,0.0,2.0,2.0,9/1/2020,Grayson,added
Trip ES,1.0,0.0,0.0,1.0,9/2/2020,Grayson,added
GIVE West,3.0,0.0,1.0,4.0,9/2/2020,Other,added
Jenkins ES,20.0,0.0,1.0,21.0,9/2/2020,Central Gwinnett,added
Corley ES,0.0,0.0,1.0,1.0,9/3/2020,Berkmar,added
Lanier MS,1.0,0.0,0.0,1.0,9/3/2020,Lanier,added
Level Creek ES,1.0,0.0,1.0,2.0,9/3/2020,North Gwinnett,added
McKendree ES,0.0,0.0,1.0,1.0,9/3/2020,Collins Hill,added
Mountain Park ES,0.0,0.0,1.0,1.0,9/3/2020,Parkview,added
Shiloh MS,1.0,0.0,1.0,2.0,9/3/2020,Shiloh,added
White Oak ES,0.0,0.0,2.0,2.0,9/3/2020,Lanier,added
Arcado ES,21.0,1.0,0.0,22.0,9/4/2020,Parkview,yes
Central Gwinnett HS,0.0,0.0,1.0,1.0,9/4/2020,Central Gwinnett,added
Chattahoochee ES,4.0,0.0,1.0,5.0,9/4/2020,Duluth,yes
Chesney ES,0.0,0.0,1.0,1.0,9/4/2020,Duluth,added
Coleman MS,0.0,0.0,1.0,1.0,9/4/2020,Duluth,added
Cooper ES,5.0,0.0,1.0,6.0,9/4/2020,Archer,yes
Duluth MS,1.0,0.0,0.0,1.0,9/4/2020,Duluth,yes
Duncan Creek ES,3.0,0.0,1.0,4.0,9/4/2020,Mill Creek,yes
Dyer ES,4.0,0.0,3.0,7.0,9/4/2020,Mountain View,yes
Ferguson ES,0.0,0.0,1.0,1.0,9/4/2020,Meadowcreek,yes
Fort Daniel ES,1.0,0.0,0.0,1.0,9/4/2020,Mill Creek,added
Grace Snell MS,0.0,0.0,2.0,2.0,9/4/2020,South Gwinnett,yes
Graves ES,0.0,0.0,1.0,1.0,9/4/2020,Meadowcreek,yes
Grayson ES,0.0,0.0,1.0,1.0,9/4/2020,Grayson,added
Ivy Creek ES,0.0,0.0,2.0,2.0,9/4/2020,Mill Creek,yes
Jones MS,0.0,0.0,3.0,3.0,9/4/2020,Mill Creek,added
Lawrenceville ES,0.0,0.0,1.0,1.0,9/4/2020,Central Gwinnett,added
Mason ES,0.0,0.0,1.0,1.0,9/4/2020,Peachtree Ridge,added
Meadowcreek HS,10.0,0.0,0.0,10.0,9/4/2020,Meadowcreek,yes
Mill Creek HS,2.0,1.0,1.0,4.0,9/4/2020,Mill Creek,added
Mountain View HS,1.0,0.0,0.0,1.0,9/4/2020,Mountain View,yes
Nesbit ES,1.0,0.0,0.0,1.0,9/4/2020,Meadowcreek,added
Norcross ES,0.0,0.0,3.0,3.0,9/4/2020,Norcross,added
North Gwinnett HS,2.0,0.0,2.0,4.0,9/4/2020,North Gwinnett,yes
Parkview HS,3.0,0.0,2.0,5.0,9/4/2020,Parkview,yes
Peachtree Ridge HS,0.0,0.0,1.0,1.0,9/4/2020,Peachtree Ridge,yes
Rockbridge ES,0.0,1.0,0.0,1.0,9/4/2020,Meadowcreek,added
Shiloh HS,0.0,0.0,1.0,1.0,9/4/2020,Shiloh,yes
South Gwinnett HS,1.0,0.0,2.0,3.0,9/4/2020,South Gwinnett,yes
Twin Rivers MS,8.0,0.0,3.0,11.0,9/4/2020,Mountain View,added
Woodward Mill ES,1.0,0.0,1.0,2.0,9/4/2020,Mountain View,yes
Total,68.0,3.0,37.0,108.0,9/4/2020,Total,yes
Alcova ES,0.0,0.0,4.0,4.0,9/8/2020,Dacula,yes
Arcado ES,1.0,0.0,0.0,1.0,9/8/2020,Parkview,yes
Baldwin ES,1.0,0.0,1.0,2.0,9/8/2020,Norcross,added
Berkmar HS,0.0,0.0,1.0,1.0,9/8/2020,Berkmar,yes
Berkmar MS,0.0,0.0,1.0,1.0,9/8/2020,Berkmar,added
Bethesda ES,2.0,0.0,1.0,3.0,9/8/2020,Berkmar,yes
Britt ES,0.0,0.0,1.0,1.0,9/8/2020,South Gwinnett,added
Brookwood HS,1.0,0.0,0.0,1.0,9/8/2020,Brookwood,added
Cedar Hill ES,0.0,0.0,1.0,1.0,9/8/2020,Discovery,added
Cooper ES,8.0,0.0,3.0,11.0,9/8/2020,Archer,yes
Crews MS,2.0,0.0,0.0,2.0,9/8/2020,Brookwood,added
Dacula ES,1.0,0.0,0.0,1.0,9/8/2020,Dacula,added
Duluth HS,0.0,0.0,1.0,1.0,9/8/2020,Duluth,yes
Freeman's Mill ES,4.0,0.0,1.0,5.0,9/8/2020,Mountain View,yes
Ivy Creek ES,0.0,0.0,1.0,1.0,9/8/2020,Mill Creek,yes
Jackson ES,1.0,2.0,1.0,4.0,9/8/2020,Peachtree Ridge,added
Knight ES,1.0,0.0,0.0,1.0,9/8/2020,Parkview,yes
Lanier MS,1.0,0.0,0.0,1.0,9/8/2020,Lanier,added
Lawrenceville ES,1.0,0.0,0.0,1.0,9/8/2020,Central Gwinnett,added
Magill ES,1.0,0.0,0.0,1.0,9/8/2020,South Gwinnett,yes
Mason ES,1.0,0.0,0.0,1.0,9/8/2020,Peachtree Ridge,added
Maxwell HS of Technology,1.0,0.0,0.0,1.0,9/8/2020,Other,yes
Mill Creek HS,0.0,1.0,0.0,1.0,9/8/2020,Mill Creek,added
Minor ES,12.0,2.0,1.0,15.0,9/8/2020,Berkmar,added
Mountain View HS,1.0,0.0,0.0,1.0,9/8/2020,Mountain View,yes
Norcross ES,3.0,0.0,4.0,7.0,9/8/2020,Norcross,added
Norcross HS,0.0,0.0,1.0,1.0,9/8/2020,Norcross,yes
North Gwinnett MS,28.0,0.0,2.0,30.0,9/8/2020,North Gwinnett,yes
Osborne MS,2.0,0.0,1.0,3.0,9/8/2020,Mill Creek,yes
Partee ES,1.0,0.0,0.0,1.0,9/8/2020,Shiloh,added
Peachtree ES,5.0,0.0,3.0,8.0,9/8/2020,Norcross,yes
Peachtree Ridge HS,1.0,0.0,0.0,1.0,9/8/2020,Peachtree Ridge,yes
Richards MS,0.0,0.0,1.0,1.0,9/8/2020,Discovery,added
Simonton ES,6.0,0.0,0.0,6.0,9/8/2020,Central Gwinnett,added
South Gwinnett HS,1.0,0.0,0.0,1.0,9/8/2020,South Gwinnett,yes
Summerour MS,0.0,1.0,0.0,1.0,9/8/2020,Norcross,added
Suwanee ES,7.0,0.0,0.0,7.0,9/8/2020,North Gwinnett,added
Twin Rivers MS,1.0,0.0,1.0,2.0,9/8/2020,Mountain View,added
Winn Holt ES,7.0,0.0,2.0,9.0,9/8/2020,Central Gwinnett,yes
Woodward Mill ES,1.0,0.0,0.0,1.0,9/8/2020,Mountain View,yes
Total,104.0,7.0,37.0,148.0,9/8/2020,Total,yes
Alcova ES,0.0,0.0,1.0,1.0,9/9/2020,Dacula,yes
Archer HS,9.0,0.0,2.0,11.0,9/9/2020,Archer,yes
Berkmar HS,0.0,0.0,1.0,1.0,9/9/2020,Berkmar,yes
Berkmar MS,1.0,0.0,1.0,2.0,9/9/2020,Berkmar,added
Bethesda ES,1.0,0.0,1.0,2.0,9/9/2020,Berkmar,yes
Brookwood ES,0.0,0.0,1.0,1.0,9/9/2020,Brookwood,added
Brookwood HS,3.0,0.0,3.0,6.0,9/9/2020,Brookwood,added
Buice Center,1.0,0.0,0.0,1.0,9/9/2020,Other,yes
Cedar Hill ES,0.0,0.0,1.0,1.0,9/9/2020,Discovery,added
Chattahoochee ES,2.0,0.0,1.0,3.0,9/9/2020,Duluth,yes
Cooper ES,1.0,0.0,0.0,1.0,9/9/2020,Archer,yes
Dacula ES,1.0,1.0,0.0,2.0,9/9/2020,Dacula,added
Duluth HS,0.0,0.0,1.0,1.0,9/9/2020,Duluth,yes
Duluth MS,0.0,1.0,1.0,2.0,9/9/2020,Duluth,yes
Duncan Creek ES,2.0,1.0,1.0,4.0,9/9/2020,Mill Creek,yes
Five Forks MS,2.0,0.0,0.0,2.0,9/9/2020,Brookwood,added
Fort Daniel ES,1.0,0.0,0.0,1.0,9/9/2020,Mill Creek,added
Freeman's Mill ES,2.0,0.0,0.0,2.0,9/9/2020,Mountain View,yes
GIVE East,1.0,1.0,0.0,2.0,9/9/2020,Other,yes
GIVE West,0.0,0.0,1.0,1.0,9/9/2020,Other,added
Graves ES,7.0,0.0,0.0,7.0,9/9/2020,Meadowcreek,yes
Grayson ES,7.0,0.0,3.0,10.0,9/9/2020,Grayson,added
Harbins ES,0.0,0.0,1.0,1.0,9/9/2020,Archer,yes
Hopkins ES,5.0,0.0,1.0,6.0,9/9/2020,Berkmar,added
Hull MS,0.0,0.0,2.0,2.0,9/9/2020,Peachtree Ridge,yes
Ivy Creek ES,0.0,0.0,2.0,2.0,9/9/2020,Mill Creek,yes
Knight ES,0.0,0.0,1.0,1.0,9/9/2020,Parkview,yes
Lanier HS,0.0,0.0,1.0,1.0,9/9/2020,Lanier,yes
Lawrenceville ES,3.0,2.0,1.0,6.0,9/9/2020,Central Gwinnett,added
Lilburn ES,8.0,0.0,0.0,8.0,9/9/2020,Meadowcreek,yes
Lilburn MS,0.0,0.0,1.0,1.0,9/9/2020,Meadowcreek,yes
Mason ES,5.0,0.0,0.0,5.0,9/9/2020,Peachtree Ridge,added
Mill Creek HS,10.0,6.0,0.0,16.0,9/9/2020,Mill Creek,added
Mulberry ES,3.0,0.0,0.0,3.0,9/9/2020,Dacula,yes
Norcross HS,2.0,0.0,0.0,2.0,9/9/2020,Norcross,yes
North Gwinnett HS,3.0,1.0,3.0,7.0,9/9/2020,North Gwinnett,yes
North Gwinnett MS,1.0,1.0,0.0,2.0,9/9/2020,North Gwinnett,yes
Norton ES,1.0,0.0,0.0,1.0,9/9/2020,South Gwinnett,yes
Oakland Meadow School,0.0,0.0,2.0,2.0,9/9/2020,Other,added
Osborne MS,1.0,0.0,1.0,2.0,9/9/2020,Mill Creek,yes
Parkview HS,2.0,0.0,0.0,2.0,9/9/2020,Parkview,yes
Partee ES,1.0,0.0,0.0,1.0,9/9/2020,Shiloh,added
Paul Duke STEM HS,0.0,0.0,1.0,1.0,9/9/2020,Norcross,added
Peachtree Ridge HS,10.0,1.0,0.0,11.0,9/9/2020,Peachtree Ridge,yes
Pharr ES,1.0,0.0,0.0,1.0,9/9/2020,Grayson,yes
Pinckneyville MS,1.0,0.0,0.0,1.0,9/9/2020,Norcross,added
Puckett's Mill ES,2.0,0.0,0.0,2.0,9/9/2020,Mill Creek,yes
Radloff MS,1.0,0.0,2.0,3.0,9/9/2020,Meadowcreek,added
Richards MS,0.0,0.0,1.0,1.0,9/9/2020,Discovery,added
Shiloh ES,1.0,0.0,0.0,1.0,9/9/2020,Shiloh,yes
Simpson ES,3.0,0.0,1.0,4.0,9/9/2020,Norcross,added
South Gwinnett HS,2.0,0.0,1.0,3.0,9/9/2020,South Gwinnett,yes
Starling ES,0.0,1.0,0.0,1.0,9/9/2020,Grayson,added
Sugar Hill ES,1.0,0.0,0.0,1.0,9/9/2020,Lanier,yes
Sycamore ES,3.0,0.0,0.0,3.0,9/9/2020,Lanier,yes
Taylor ES,0.0,0.0,2.0,2.0,9/9/2020,Collins Hill,yes
Trickum MS,1.0,0.0,0.0,1.0,9/9/2020,Parkview,added
White Oak ES,3.0,0.0,0.0,3.0,9/9/2020,Lanier,added
Winn Holt ES,5.0,0.0,1.0,6.0,9/9/2020,Central Gwinnett,yes
Woodward Mill ES,1.0,0.0,1.0,2.0,9/9/2020,Mountain View,yes
Total,143.0,16.0,46.0,205.0,9/9/2020,Total,yes
Alcova ES,22.0,0.0,2.0,24.0,9/10/2020,Dacula,yes
Alford ES,1.0,0.0,0.0,1.0,9/10/2020,Discovery,added
Archer HS,1.0,0.0,0.0,1.0,9/10/2020,Archer,yes
Berkmar HS,1.0,0.0,0.0,1.0,9/10/2020,Berkmar,yes
Berkmar MS,0.0,1.0,0.0,1.0,9/10/2020,Berkmar,added
Bethesda ES,8.0,0.0,2.0,10.0,9/10/2020,Berkmar,yes
Brookwood ES,1.0,0.0,0.0,1.0,9/10/2020,Brookwood,added
Brookwood HS,3.0,0.0,0.0,3.0,9/10/2020,Brookwood,added
Chattahoochee ES,9.0,0.0,1.0,10.0,9/10/2020,Duluth,yes
Collins Hill HS,0.0,0.0,1.0,1.0,9/10/2020,Collins Hill,added
Cooper ES,0.0,0.0,1.0,1.0,9/10/2020,Archer,yes
Corley ES,0.0,0.0,1.0,1.0,9/10/2020,Berkmar,added
Dacula ES,0.0,0.0,1.0,1.0,9/10/2020,Dacula,added
Discovery HS,1.0,0.0,0.0,1.0,9/10/2020,Discovery,added
Duluth HS,1.0,0.0,0.0,1.0,9/10/2020,Duluth,yes
Duluth MS,0.0,0.0,1.0,1.0,9/10/2020,Duluth,yes
Dyer ES,6.0,1.0,4.0,11.0,9/10/2020,Mountain View,yes
Grayson ES,7.0,0.0,0.0,7.0,9/10/2020,Grayson,added
Harmony ES,1.0,0.0,2.0,3.0,9/10/2020,Mill Creek,added
Head ES,1.0,0.0,0.0,1.0,9/10/2020,Brookwood,added
Hull MS,0.0,0.0,1.0,1.0,9/10/2020,Peachtree Ridge,yes
Jones MS,1.0,0.0,1.0,2.0,9/10/2020,Mill Creek,added
Lanier HS,0.0,0.0,3.0,3.0,9/10/2020,Lanier,yes
Lilburn MS,2.0,0.0,4.0,6.0,9/10/2020,Meadowcreek,yes
Meadowcreek HS,0.0,0.0,2.0,2.0,9/10/2020,Meadowcreek,yes
Mill Creek HS,24.0,1.0,1.0,26.0,9/10/2020,Mill Creek,added
Minor ES,5.0,0.0,1.0,6.0,9/10/2020,Berkmar,added
Moore MS,1.0,0.0,1.0,2.0,9/10/2020,Central Gwinnett,yes
Mountain View HS,11.0,0.0,3.0,14.0,9/10/2020,Mountain View,yes
Mulberry ES,4.0,0.0,1.0,5.0,9/10/2020,Dacula,yes
Norcross ES,0.0,0.0,2.0,2.0,9/10/2020,Norcross,added
North Gwinnett HS,5.0,1.0,1.0,7.0,9/10/2020,North Gwinnett,yes
North Gwinnett MS,1.0,0.0,0.0,1.0,9/10/2020,North Gwinnett,yes
Norton ES,1.0,0.0,0.0,1.0,9/10/2020,South Gwinnett,yes
Oakland Meadow School,2.0,0.0,2.0,4.0,9/10/2020,Other,added
Osborne MS,5.0,0.0,1.0,6.0,9/10/2020,Mill Creek,yes
Parkview HS,0.0,0.0,1.0,1.0,9/10/2020,Parkview,yes
Pinckneyville MS,0.0,1.0,0.0,1.0,9/10/2020,Norcross,added
Puckett's Mill ES,1.0,0.0,0.0,1.0,9/10/2020,Mill Creek,yes
Radloff MS,0.0,0.0,1.0,1.0,9/10/2020,Meadowcreek,added
Richards MS,0.0,0.0,1.0,1.0,9/10/2020,Discovery,added
Riverside ES,4.0,0.0,0.0,4.0,9/10/2020,North Gwinnett,added
Shiloh HS,1.0,0.0,0.0,1.0,9/10/2020,Shiloh,yes
South Gwinnett HS,5.0,0.0,0.0,5.0,9/10/2020,South Gwinnett,yes
Starling ES,1.0,0.0,1.0,2.0,9/10/2020,Grayson,added
Sugar Hill ES,0.0,0.0,1.0,1.0,9/10/2020,Lanier,yes
Sweetwater MS,0.0,0.0,1.0,1.0,9/10/2020,Berkmar,added
Taylor ES,1.0,0.0,0.0,1.0,9/10/2020,Collins Hill,yes
Trickum MS,2.0,0.0,2.0,4.0,9/10/2020,Parkview,added
White Oak ES,1.0,0.0,0.0,1.0,9/10/2020,Lanier,added
Winn Holt ES,0.0,0.0,1.0,1.0,9/10/2020,Central Gwinnett,yes
Woodward Mill ES,0.0,0.0,1.0,1.0,9/10/2020,Mountain View,yes
Total,143.0,6.0,52.0,201.0,9/10/2020,Total,yes
Alcova ES,6.0,0.0,1.0,7.0,9/11/2020,Dacula,yes
Alford ES,1.0,0.0,0.0,1.0,9/11/2020,Discovery,added
Arcado ES,0.0,0.0,1.0,1.0,9/11/2020,Parkview,yes
Archer HS,2.0,0.0,1.0,3.0,9/11/2020,Archer,yes
Berkmar MS,0.0,0.0,2.0,2.0,9/11/2020,Berkmar,added
Brookwood ES,16.0,0.0,1.0,17.0,9/11/2020,Brookwood,added
Brookwood HS,0.0,0.0,1.0,1.0,9/11/2020,Brookwood,added
Buice Center,8.0,1.0,0.0,9.0,9/11/2020,Other,yes
Central Gwinnett HS,10.0,1.0,0.0,11.0,9/11/2020,Central Gwinnett,added
Chattahoochee ES,1.0,0.0,0.0,1.0,9/11/2020,Duluth,yes
Dacula ES,2.0,0.0,0.0,2.0,9/11/2020,Dacula,added
Discovery HS,1.0,1.0,0.0,2.0,9/11/2020,Discovery,added
Duncan Creek ES,2.0,0.0,0.0,2.0,9/11/2020,Mill Creek,yes
Dyer ES,1.0,0.0,0.0,1.0,9/11/2020,Mountain View,yes
Ferguson ES,1.0,0.0,0.0,1.0,9/11/2020,Meadowcreek,yes
Freeman's Mill ES,3.0,0.0,1.0,4.0,9/11/2020,Mountain View,yes
GIVE West,0.0,0.0,1.0,1.0,9/11/2020,Other,added
Grayson HS,1.0,0.0,0.0,1.0,9/11/2020,Grayson,added
Harbins ES,1.0,1.0,0.0,2.0,9/11/2020,Archer,yes
Hopkins ES,0.0,1.0,1.0,2.0,9/11/2020,Berkmar,added
Ivy Creek ES,1.0,0.0,0.0,1.0,9/11/2020,Mill Creek,yes
Jenkins ES,2.0,0.0,0.0,2.0,9/11/2020,Central Gwinnett,added
Jones MS,16.0,0.0,0.0,16.0,9/11/2020,Mill Creek,added
Jordan MS,1.0,0.0,0.0,1.0,9/11/2020,Central Gwinnett,yes
Kanoheda ES,0.0,0.0,1.0,1.0,9/11/2020,Berkmar,yes
Knight ES,3.0,0.0,1.0,4.0,9/11/2020,Parkview,yes
Lilburn MS,0.0,0.0,3.0,3.0,9/11/2020,Meadowcreek,yes
Magill ES,27.0,0.0,1.0,28.0,9/11/2020,South Gwinnett,yes
Maxwell HS of Technology,0.0,0.0,1.0,1.0,9/11/2020,Other,yes
McKendree ES,0.0,0.0,1.0,1.0,9/11/2020,Collins Hill,added
Meadowcreek ES,0.0,1.0,0.0,1.0,9/11/2020,Meadowcreek,added
Meadowcreek HS,3.0,0.0,5.0,8.0,9/11/2020,Meadowcreek,yes
Mill Creek HS,2.0,0.0,1.0,3.0,9/11/2020,Mill Creek,added
Mountain View HS,1.0,0.0,0.0,1.0,9/11/2020,Mountain View,yes
Nesbit ES,0.0,0.0,2.0,2.0,9/11/2020,Meadowcreek,added
Norcross ES,0.0,0.0,1.0,1.0,9/11/2020,Norcross,added
North Gwinnett HS,1.0,0.0,0.0,1.0,9/11/2020,North Gwinnett,yes
Norton ES,16.0,1.0,0.0,17.0,9/11/2020,South Gwinnett,yes
Parkview HS,0.0,0.0,1.0,1.0,9/11/2020,Parkview,yes
Peachtree Ridge HS,6.0,1.0,0.0,7.0,9/11/2020,Peachtree Ridge,yes
Puckett's Mill ES,2.0,0.0,0.0,2.0,9/11/2020,Mill Creek,yes
Rosebud ES,0.0,0.0,2.0,2.0,9/11/2020,South Gwinnett,added
Sugar Hill ES,1.0,0.0,0.0,1.0,9/11/2020,Lanier,yes
Summerour MS,1.0,0.0,0.0,1.0,9/11/2020,Norcross,added
Trickum MS,2.0,0.0,0.0,2.0,9/11/2020,Parkview,added
White Oak ES,1.0,0.0,0.0,1.0,9/11/2020,Lanier,added
Winn Holt ES,5.0,0.0,2.0,7.0,9/11/2020,Central Gwinnett,yes
Woodward Mill ES,2.0,0.0,0.0,2.0,9/11/2020,Mountain View,yes
Total,156.0,8.0,36.0,200.0,9/11/2020,Total,yes
Alcova ES,0.0,1.0,0.0,1.0,9/14/2020,Dacula,yes
Alford ES,2.0,0.0,0.0,2.0,9/14/2020,Discovery,added
Archer HS,3.0,0.0,1.0,4.0,9/14/2020,Archer,yes
Berkmar MS,10.0,0.0,0.0,10.0,9/14/2020,Berkmar,added
Bethesda ES,3.0,0.0,0.0,3.0,9/14/2020,Berkmar,yes
Brookwood HS,14.0,0.0,0.0,14.0,9/14/2020,Brookwood,added
Cedar Hill ES,0.0,0.0,2.0,2.0,9/14/2020,Discovery,added
Chesney ES,1.0,0.0,0.0,1.0,9/14/2020,Duluth,added
Coleman MS,1.0,0.0,0.0,1.0,9/14/2020,Duluth,added
Cooper ES,1.0,0.0,0.0,1.0,9/14/2020,Archer,yes
Craig ES,1.0,0.0,0.0,1.0,9/14/2020,Brookwood,added
Dacula ES,1.0,0.0,1.0,2.0,9/14/2020,Dacula,added
Duluth HS,1.0,0.0,0.0,1.0,9/14/2020,Duluth,yes
Dyer ES,3.0,0.0,1.0,4.0,9/14/2020,Mountain View,yes
Fort Daniel ES,14.0,2.0,0.0,16.0,9/14/2020,Mill Creek,added
Grayson HS,1.0,2.0,0.0,3.0,9/14/2020,Grayson,added
Harbins ES,3.0,0.0,2.0,5.0,9/14/2020,Archer,yes
Harris ES,7.0,1.0,1.0,9.0,9/14/2020,Duluth,added
Head ES,0.0,0.0,1.0,1.0,9/14/2020,Brookwood,added
Hopkins ES,1.0,0.0,1.0,2.0,9/14/2020,Berkmar,added
Jackson ES,0.0,1.0,0.0,1.0,9/14/2020,Peachtree Ridge,added
Jones MS,0.0,0.0,1.0,1.0,9/14/2020,Mill Creek,added
Lanier MS,1.0,0.0,0.0,1.0,9/14/2020,Lanier,added
Level Creek ES,3.0,1.0,0.0,4.0,9/14/2020,North Gwinnett,added
Lilburn ES,1.0,0.0,0.0,1.0,9/14/2020,Meadowcreek,yes
Meadowcreek ES,18.0,0.0,0.0,18.0,9/14/2020,Meadowcreek,added
Mill Creek HS,2.0,0.0,1.0,3.0,9/14/2020,Mill Creek,added
Mountain Park ES,0.0,1.0,0.0,1.0,9/14/2020,Parkview,added
Mountain View HS,1.0,0.0,1.0,2.0,9/14/2020,Mountain View,yes
Mulberry ES,3.0,0.0,1.0,4.0,9/14/2020,Dacula,yes
Norcross HS,2.0,0.0,2.0,4.0,9/14/2020,Norcross,yes
North Gwinnett HS,28.0,3.0,1.0,32.0,9/14/2020,North Gwinnett,yes
North Gwinnett MS,1.0,0.0,0.0,1.0,9/14/2020,North Gwinnett,yes
Northbrook MS,0.0,0.0,1.0,1.0,9/14/2020,Peachtree Ridge,yes
Osborne MS,1.0,0.0,0.0,1.0,9/14/2020,Mill Creek,yes
Peachtree ES,3.0,0.0,1.0,4.0,9/14/2020,Norcross,yes
Peachtree Ridge HS,3.0,0.0,0.0,3.0,9/14/2020,Peachtree Ridge,yes
Radloff MS,2.0,0.0,2.0,4.0,9/14/2020,Meadowcreek,added
Riverside ES,2.0,0.0,1.0,3.0,9/14/2020,North Gwinnett,added
Shiloh HS,1.0,0.0,0.0,1.0,9/14/2020,Shiloh,yes
Shiloh MS,0.0,0.0,1.0,1.0,9/14/2020,Shiloh,added
Simpson ES,1.0,0.0,1.0,2.0,9/14/2020,Norcross,added
Starling ES,0.0,0.0,1.0,1.0,9/14/2020,Grayson,added
Summerour MS,1.0,0.0,2.0,3.0,9/14/2020,Norcross,added
Suwanee ES,3.0,0.0,0.0,3.0,9/14/2020,North Gwinnett,added
Sweetwater MS,0.0,0.0,1.0,1.0,9/14/2020,Berkmar,added
Trip ES,1.0,0.0,0.0,1.0,9/14/2020,Grayson,added
White Oak ES,9.0,1.0,0.0,10.0,9/14/2020,Lanier,added
Woodward Mill ES,1.0,0.0,0.0,1.0,9/14/2020,Mountain View,yes
Total,155.0,14.0,29.0,198.0,9/14/2020,Total,yes
Alcova ES,0.0,0.0,1.0,1.0,9/15/2020,Dacula,yes
Archer HS,18.0,2.0,0.0,20.0,9/15/2020,Archer,yes
Baldwin ES,0.0,0.0,1.0,1.0,9/15/2020,Norcross,added
Bethesda ES,1.0,0.0,0.0,1.0,9/15/2020,Berkmar,yes
Britt ES,16.0,0.0,0.0,16.0,9/15/2020,South Gwinnett,added
Brookwood HS,4.0,0.0,1.0,5.0,9/15/2020,Brookwood,added
Buice Center,0.0,0.0,1.0,1.0,9/15/2020,Other,yes
Cooper ES,2.0,0.0,1.0,3.0,9/15/2020,Archer,yes
Creekland MS,1.0,0.0,0.0,1.0,9/15/2020,Collins Hill,yes
Dacula ES,1.0,0.0,0.0,1.0,9/15/2020,Dacula,added
Discovery HS,0.0,0.0,1.0,1.0,9/15/2020,Discovery,added
Duluth HS,0.0,1.0,0.0,1.0,9/15/2020,Duluth,yes
Duncan Creek ES,1.0,0.0,1.0,2.0,9/15/2020,Mill Creek,yes
Five Forks MS,1.0,0.0,0.0,1.0,9/15/2020,Brookwood,added
Fort Daniel ES,2.0,0.0,0.0,2.0,9/15/2020,Mill Creek,added
GIVE East,0.0,0.0,1.0,1.0,9/15/2020,Other,yes
Grace Snell MS,1.0,0.0,0.0,1.0,9/15/2020,South Gwinnett,yes
Grayson HS,0.0,0.0,1.0,1.0,9/15/2020,Grayson,added
Gwin Oaks ES,6.0,0.0,1.0,7.0,9/15/2020,Brookwood,added
Harbins ES,1.0,0.0,0.0,1.0,9/15/2020,Archer,yes
Hull MS,0.0,0.0,1.0,1.0,9/15/2020,Peachtree Ridge,yes
Jackson ES,0.0,1.0,0.0,1.0,9/15/2020,Peachtree Ridge,added
Jones MS,0.0,0.0,1.0,1.0,9/15/2020,Mill Creek,added
Jordan MS,0.0,1.0,0.0,1.0,9/15/2020,Central Gwinnett,yes
Kanoheda ES,1.0,0.0,0.0,1.0,9/15/2020,Berkmar,yes
Knight ES,0.0,0.0,2.0,2.0,9/15/2020,Parkview,yes
Lanier HS,1.0,0.0,1.0,2.0,9/15/2020,Lanier,yes
Lanier MS,3.0,0.0,0.0,3.0,9/15/2020,Lanier,added
Lovin ES,5.0,0.0,1.0,6.0,9/15/2020,Archer,added
Mason ES,0.0,0.0,1.0,1.0,9/15/2020,Peachtree Ridge,added
McClure Health Science HS,0.0,0.0,1.0,1.0,9/15/2020,Meadowcreek,added
Mill Creek HS,6.0,0.0,0.0,6.0,9/15/2020,Mill Creek,added
Nesbit ES,0.0,0.0,1.0,1.0,9/15/2020,Meadowcreek,added
Norcross ES,2.0,0.0,0.0,2.0,9/15/2020,Norcross,added
Norcross HS,9.0,3.0,0.0,12.0,9/15/2020,Norcross,yes
North Gwinnett HS,3.0,0.0,2.0,5.0,9/15/2020,North Gwinnett,yes
Northbrook MS,0.0,0.0,3.0,3.0,9/15/2020,Peachtree Ridge,yes
Norton ES,1.0,1.0,0.0,2.0,9/15/2020,South Gwinnett,yes
Osborne MS,1.0,0.0,0.0,1.0,9/15/2020,Mill Creek,yes
Parkview HS,2.0,1.0,0.0,3.0,9/15/2020,Parkview,yes
Peachtree ES,0.0,0.0,1.0,1.0,9/15/2020,Norcross,yes
Pinckneyville MS,1.0,1.0,0.0,2.0,9/15/2020,Norcross,added
Puckett's Mill ES,3.0,1.0,0.0,4.0,9/15/2020,Mill Creek,yes
Richards MS,0.0,0.0,3.0,3.0,9/15/2020,Discovery,added
Riverside ES,1.0,0.0,3.0,4.0,9/15/2020,North Gwinnett,added
Shiloh HS,1.0,0.0,0.0,1.0,9/15/2020,Shiloh,yes
Shiloh MS,0.0,0.0,1.0,1.0,9/15/2020,Shiloh,added
Simpson ES,2.0,0.0,0.0,2.0,9/15/2020,Norcross,added
South Gwinnett HS,7.0,1.0,0.0,8.0,9/15/2020,South Gwinnett,yes
Stripling ES,0.0,0.0,1.0,1.0,9/15/2020,Norcross,yes
Sugar Hill ES,4.0,0.0,0.0,4.0,9/15/2020,Lanier,yes
Summerour MS,0.0,0.0,2.0,2.0,9/15/2020,Norcross,added
Suwanee ES,1.0,0.0,0.0,1.0,9/15/2020,North Gwinnett,added
Sycamore ES,1.0,0.0,0.0,1.0,9/15/2020,Lanier,yes
Taylor ES,2.0,0.0,0.0,2.0,9/15/2020,Collins Hill,yes
Trip ES,3.0,0.0,1.0,4.0,9/15/2020,Grayson,added
Twin Rivers MS,1.0,0.0,0.0,1.0,9/15/2020,Mountain View,added
White Oak ES,8.0,1.0,0.0,9.0,9/15/2020,Lanier,added
Total,139.0,15.0,36.0,190.0,9/15/2020,Total,yes
Alcova ES,0,0,1,1,9/17/2020,Dacula,yes
Bay Creek MS,0,0,3,3,9/17/2020,Grayson,added
Beaver Ridge ES,1,0,0,1,9/17/2020,Norcross,added
Britt ES,0,1,1,2,9/17/2020,South Gwinnett,added
Brookwood HS,1,0,1,2,9/17/2020,Brookwood,added
Central Gwinnett HS,8,0,0,8,9/17/2020,Central Gwinnett,added
Chattahoochee ES,0,0,1,1,9/17/2020,Duluth,yes
Cooper ES,5,0,1,6,9/17/2020,Archer,yes
Discovery HS,1,0,0,1,9/17/2020,Discovery,added
Duluth HS,1,0,1,2,9/17/2020,Duluth,yes
Duluth MS,0,0,1,1,9/17/2020,Duluth,yes
Dyer ES,0,0,1,1,9/17/2020,Mountain View,yes
Five Forks MS,1,0,0,1,9/17/2020,Brookwood,added
Graves ES,0,0,1,1,9/17/2020,Meadowcreek,yes
Grayson ES,1,0,0,1,9/17/2020,Grayson,added
Grayson HS,12,1,0,13,9/17/2020,Grayson,added
Harbins ES,1,0,0,1,9/17/2020,Archer,yes
Hopkins ES,0,0,1,1,9/17/2020,Berkmar,added
Hull MS,2,0,0,2,9/17/2020,Peachtree Ridge,yes
Ivy Creek ES,1,0,0,1,9/17/2020,Mill Creek,yes
Jackson ES,3,0,0,3,9/17/2020,Peachtree Ridge,added
Jenkins ES,1,0,0,1,9/17/2020,Central Gwinnett,added
McKendree ES,1,0,1,2,9/17/2020,Collins Hill,added
Meadowcreek HS,0,0,2,2,9/17/2020,Meadowcreek,yes
Mill Creek HS,70,3,1,74,9/17/2020,Mill Creek,added
Minor ES,1,0,0,1,9/17/2020,Berkmar,added
Mountain View HS,1,0,0,1,9/17/2020,Mountain View,yes
Norcross HS,0,0,1,1,9/17/2020,Norcross,yes
North Gwinnett HS,5,4,1,10,9/17/2020,North Gwinnett,yes
North Gwinnett MS,2,0,0,2,9/17/2020,North Gwinnett,yes
Norton ES,11,2,0,13,9/17/2020,South Gwinnett,yes
Osborne MS,2,1,2,5,9/17/2020,Mill Creek,yes
Parkview HS,0,0,1,1,9/17/2020,Parkview,yes
Peachtree ES,6,0,0,6,9/17/2020,Norcross,yes
Peachtree Ridge HS,0,0,1,1,9/17/2020,Peachtree Ridge,yes
Rock Springs ES,1,1,0,2,9/17/2020,Collins Hill,yes
Starling ES,0,0,1,1,9/17/2020,Grayson,added
Summerour MS,2,1,0,3,9/17/2020,Norcross,added
Sycamore ES,2,0,0,2,9/17/2020,Lanier,yes
Twin Rivers MS,17,1,0,18,9/17/2020,Mountain View,added
Total,165,15,25,205,9/17/2020,Total,yes
